X,Y,Z,f=1/p
1.23397547,1.0962576,9.698329,1
1.1836994,1.0938635,9.69354,1
1.1765171,1.105834,9.822822,1
1.12992753,1.0747107,9.853945,1
1.33582002,1.0483756,9.978438,1
2.65184104,1.0316169,9.992803,1
2.94631517,1.0196465,9.616929,1
2.1569959,1.01007,9.53553,1
1.2982477,1.0268288,9.676782,1
1.4969579,1.0387993,9.516377,1
1.3078241,1.0268288,9.329637,1
1.9542308,1.0124642,9.73424,1
2.2558873,0.8903651,9.664811,1
1.6908798,0.9957055,9.83958,1
2.102665,0.8472713,9.324849,1
1.8034025,0.96937037,10.071808,1
2.102665,1.0555578,10.033502,1
3.414631,0.75150734,9.652841,1
3.0124226,0.84487724,8.252293,1
2.9334173,1.007676,9.15008,1
2.8592,1.1249868,9.825216,1
2.9094763,1.1417454,9.466101,1
3.09861,1.0771048,9.748605,1
3.3260493,1.5846537,10.007167,1
4.0658255,1.1345631,8.51325,1
4.602104,0.9765526,8.807724,1
5.033042,1.3069383,8.491703,1
5.5310144,1.3141207,8.422274,1
6.2683964,1.2063861,8.644925,1
6.8645277,1.2303271,8.063159,1
7.211672,1.2135684,6.9738445,1
7.7072496,1.3045442,6.1837916,1
8.454209,1.3165147,5.4535913,1
9.076675,0.9813409,4.3211827,1
8.406327,0.6078614,3.4712777,1
7.5133276,0.25114077,2.5375793,1
8.142976,0.5120975,0.9359273,1
9.19638,0.8496654,-0.6298133,1
9.787723,0.7778425,-3.0143359,1
10.505952,0.38042206,-4.4603715,1
9.581829,0.8113599,-4.0533743,1
7.8365316,1.2327212,-5.152266,1
7.556422,1.0651344,-5.6071444,1
6.893256,0.62462014,-5.9471064,1
5.930829,0.53603846,-7.452995,1
5.2389345,0.768266,-7.8791447,1
4.3722706,1.2087803,-8.877484,1
4.116102,0.97176445,-9.234204,1
2.9669344,1.0244346,-9.057041,1
1.985354,1.0579519,-9.952434,1
1.693274,1.2087803,-9.715418,1
0.36454922,1.4314314,-11.50381,1
1.5520221,0.70601946,-11.470292,1
1.0588379,1.0148582,-9.911734,1
1.1569959,0.49294472,-9.65796,1
0.9032214,0.45703322,-9.89737,1
1.0420792,0.8113599,-10.373795,1
1.2264247,0.8185421,-10.598841,1
1.645392,0.91191196,-10.910073,1
2.4354446,1.2470858,-10.823886,1
3.242256,1.3787613,-9.497555,1
4.709839,1.251874,-8.6739855,1
5.2006283,0.81614804,-7.5008764,1
4.563799,0.47139782,-8.836784,1
4.547039,0.7371428,-7.7666216,1
6.780734,1.0723166,-5.7436085,1
8.32014,1.0627402,-4.843427,1
8.849236,0.9334588,-3.9887342,1
9.340025,0.5384326,-3.2681103,1
9.507612,0.63180244,-2.3008943,1
10.1851425,0.6270142,-0.8931643,1
10.132472,0.6916549,0.85692203,1
9.325662,0.35887516,2.290987,1
6.9698677,0.37084568,1.8385025,1
4.764902,1.4266433,3.3443904,1
5.614808,2.2262723,10.397405,1
5.6698723,0.94303524,11.881747,1
5.3753977,0.73474866,8.281022,1
4.6739273,0.61743784,7.840508,1
3.5941885,0.77066016,8.994464,1
2.1984289,0.7586897,10.421346,1
1.3485237,0.84008896,10.256154,1
-1.2490734,1.735482,11.074935,1
-2.7118678,2.5638402,10.957625,1
-0.7367362,1.6373239,9.360761,1
-0.31298077,1.3021501,9.183597,1
-0.4733854,1.3811554,9.607353,1
-0.27228108,1.3141207,9.755787,1
-0.3871978,1.373973,9.633688,1
-0.33213353,1.4170668,9.53553,1
-0.08075315,1.3308792,9.777334,1
0.20653869,1.3189087,10.383041,1
0.6111414,1.3428497,10.689486,1
1.2168484,1.2925737,10.402194,1
2.1673055,1.2542682,10.368676,1
3.5247595,1.01007,10.294459,1
4.7146263,0.8616358,9.29612,1
5.8637943,0.4378804,8.637743,1
6.3067026,-0.038545206,6.7631636,1
6.586812,-0.11276226,5.65709,1
6.692152,0.21522929,5.5996313,1
7.3122244,0.9478235,5.022654,1
8.693619,1.5750774,3.813634,1
9.069492,2.2358484,2.45618,1
9.826027,2.8271909,0.78031087,1
10.3551235,2.3579478,-0.28506312,1
10.12529,1.0028877,-0.69684815,1
9.483671,1.0627402,-1.5252063,1
9.119768,1.0004936,-2.729438,1
8.458997,0.81375396,-3.8019943,1
7.300254,0.81375396,-4.747663,1
6.5437183,0.99809945,-6.294251,1
5.4903145,1.352426,-7.948573,1
5.5238323,1.3620026,-8.59498,1
4.166378,1.3356675,-8.863119,1
3.534336,0.96937037,-9.025918,1
2.5743022,0.8831829,-9.598107,1
0.9391329,1.3021501,-9.222234,1
1.0660201,1.6923882,-11.17103,1
1.233607,0.70601946,-13.09828,1
0.9391329,1.275815,-9.71063,1
1.645392,0.8065717,-10.017075,1
0.96786207,0.62222606,-8.999583,1
0.11556293,0.24635257,-10.04341,1
0.9726503,0.60307324,-10.170297,1
1.9039547,0.7323546,-10.383372,1
2.1577291,0.85924184,-10.290002,1
2.2702518,1.2542682,-10.179873,1
2.9860873,1.0507697,-9.772876,1
3.6157353,0.63898474,-9.36588,1
3.7665634,0.7969953,-8.975642,1
4.051461,0.95500576,-8.83439,1
5.452009,0.95500576,-7.8719616,1
6.4599247,1.0196465,-6.9334755,1
7.259554,0.8951533,-5.863313,1
7.9825716,0.6437729,-5.1905713,1
8.789383,0.74193096,-4.7093577,1
9.150892,0.7299605,-3.9336696,1
9.028793,0.9334588,-2.9353306,1
9.483671,1.0364051,-1.9776909,1
10.1444435,1.0794989,-0.90992284,1
9.612953,1.2638445,0.23206222,1
8.801353,1.0962576,1.5272696,1
8.147764,1.0411934,3.1073747,1
8.159735,1.0124642,4.7784553,1
7.762315,1.1225927,5.6283607,1
7.0369024,1.323697,6.217309,1
6.342614,1.2303271,7.574763,1
5.0450125,0.8185421,8.719142,1
3.5175772,0.8688183,8.257081,1
2.1194236,0.82811844,9.631294,1
0.5321361,0.8616358,11.675854,1
-2.8291786,1.9964387,12.805869,1
-2.5347042,2.925349,10.26573,1
-0.561967,1.4290373,7.5867333,1
-0.9593874,1.3356675,9.133321,1
-0.58351386,1.5511364,10.361494,1
-0.75110084,1.517619,9.43019,1
-0.7606772,1.5678949,9.174021,1
-0.9522052,1.5990183,9.511589,1
-0.7032188,1.496072,10.237001,1
0.062892765,1.3643966,10.974383,1
0.5417125,1.4314314,10.75652,1
1.2264247,1.6349299,10.383041,1
2.3827746,1.7187232,10.150813,1
4.142437,1.2422976,9.609747,1
5.0857124,1.0004936,8.877153,1
5.9595575,0.8664241,7.907543,1
6.936351,0.7946012,6.9786325,1
7.041691,0.8831829,5.630755,1
7.0704203,0.66053164,4.1128964,1
7.8939896,0.94303524,2.774595,1
9.794905,1.0459815,1.9462368,1
10.661569,1.2207507,0.61272395,1
10.407793,1.2327212,-0.6034782,1
8.8899355,1.1800511,-2.0064201,1
7.599516,0.6437729,-2.583398,1
7.4989634,0.5527972,-4.1228037,1
8.372809,0.91430616,-5.4539227,1
7.4343233,1.4553723,-5.547292,1
5.791971,1.4553723,-6.8113766,1
3.6875582,0.83051264,-8.729049,1
1.3102182,0.52885616,-10.459983,1
0.6614175,0.95261157,-10.761639,1
0.6039591,2.1640258,-9.569378,1
-1.265832,2.1783903,-11.896442,1
1.7315797,0.5671618,-13.059974,1
1.86970407,0.8041775,-9.13844,1
1.15975842,0.4306981,-9.56459,1
1.46141487,0.4881565,-9.059435,1
2.9717228,-0.17261472,9.875492,1
3.2829554,-0.19416162,10.074202,1
3.1393096,0.02130726,9.34879,1
2.8903234,0.2870522,9.075863,1
2.6796427,0.47858012,8.860394,1
2.4569914,0.67489624,9.262603,1
2.4258683,0.7802366,9.291332,1
2.7035837,0.5144916,9.341608,1
2.9214468,0.40675718,9.710299,1
3.5534887,0.102706626,9.86831,1
4.10892,-0.4287833,9.68157,1
4.070614,-0.3928718,9.152474,1
4.197501,-0.49821216,8.680837,1
4.3483295,0.01173088,9.164445,1
4.46564,0.42112172,9.245844,1
4.125678,0.8783946,8.862788,1
4.1232843,0.9789467,8.838847,1
4.855879,0.58152634,8.728719,1
5.3538513,0.47139782,8.297781,1
5.91407,0.24874665,7.9482427,1
6.409649,0.1745296,7.790232,1
6.6729994,0.258323,7.352112,1
6.7113047,0.26311123,7.423935,1
7.5947275,0.19128828,6.86611,1
7.7479496,0.069189265,6.583606,1
7.743161,-0.026574701,6.016205,1
7.9346895,0.054824665,5.556538,1
8.468574,0.44027454,5.369798,1
8.681648,0.64616704,4.8407025,1
8.913877,0.54561484,4.225419,1
9.220321,0.5025211,3.667594,1
9.550706,0.5432208,3.2510207,1
9.543524,0.6365906,2.5615203,1
9.653652,0.4881565,1.7858323,1
9.742234,0.35169286,0.99817383,1
9.943338,0.282264,-0.036076844,1
9.876305,0.50012696,-1.3288901,1
9.749416,0.5336444,-1.3025552,1
9.713505,0.44985092,-1.3312843,1
9.589012,0.41154534,-1.8268628,1
9.591406,0.39718074,-2.367929,1
9.711111,0.354087,-3.2058635,1
9.10301,0.47139782,-3.8809996,1
7.9346895,0.5671618,-4.7500577,1
7.5851507,0.57434404,-5.8968306,1
7.422353,0.55758536,-6.557602,1
6.919592,0.55040306,-7.1848555,1
6.103204,0.40915126,-7.5391827,1
4.896578,0.38521022,-7.828869,1
4.9899483,0.5527972,-8.877484,1
4.278901,0.57913226,-8.925365,1
2.8735647,0.91670024,-9.176746,1
2.1361823,0.94303524,-10.215785,1
1.2024838,1.0699224,-10.301972,1
-0.056812182,1.1824452,-11.192577,1
-0.13581744,1.2159625,-10.519835,1
0.33821413,0.95261157,-9.586137,1
1.5975101,0.5695559,-10.112838,1
2.4138978,0.598285,-9.705842,1
2.3348925,0.13622399,-9.528678,1
2.2056112,0.4594273,-9.825547,1
1.6166629,0.79938936,-10.677846,1
1.2719126,1.0771048,-11.046537,1
1.8417081,1.2782091,-10.833462,1
3.3284435,0.78741884,-9.851882,1
4.578163,0.3181755,-8.441758,1
5.6914186,0.19847058,-7.139368,1
6.3306437,0.57434404,-6.097935,1
7.1901245,0.7155959,-6.5264783,1
7.745556,0.7395369,-6.054841,1
8.006513,0.4737919,-4.407701,1
8.923452,0.46421558,-3.4045737,1
9.998404,0.18171187,-2.2530122,1
9.857151,0.19128828,-0.6441779,1
9.114981,0.20325877,0.7132761,1
8.391963,0.32296365,2.2766225,1
8.2507105,0.33493418,3.8806686,1
8.286622,0.54561484,5.3937387,1
8.631372,0.48097426,6.777528,1
8.056788,0.1481945,7.033697,1
7.048873,-0.06009209,6.6434584,1
6.6658173,-0.12712684,7.26353,1
6.0409575,0.014124975,7.9697895,1
5.4424324,0.093130216,8.228353,1
4.966007,0.32056963,8.611408,1
4.65238,0.44985092,9.118957,1
4.2334127,0.5384326,9.166839,1
3.7569873,0.47618604,9.841975,1
3.388296,0.3085991,9.746211,1
3.146492,0.22001748,9.782122,1
3.1369154,0.15777092,9.803669,1
3.3260493,0.19607647,9.645658,1
3.3954782,0.23438208,9.439766,1
3.9173918,0.25592893,9.20275,1
4.5446453,0.38760436,9.200356,1
5.3179398,0.5384326,9.102198,1
5.825488,0.6341965,8.616196,1
6.383313,0.44985092,8.032036,1
7.0105677,0.44027454,7.5388513,1
7.4486876,0.41393942,6.7894983,1
7.5229044,0.1697414,6.121545,1
7.735979,-0.21331441,5.5637197,1
7.8772306,-0.31865475,4.790426,1
8.595461,-0.31147245,3.6819584,1
9.189198,-0.08882126,2.944576,1
9.600983,0.047642335,2.1928291,1
9.92658,-0.012210116,0.904804,1
9.723082,-2.40E-04,-0.17014638,1
9.502824,-0.045727506,-1.2690377,1
9.466913,0.12185942,-2.633674,1
9.493248,0.37563384,-2.949695,1
9.024004,0.17213549,-3.8235412,1
7.8700485,0.21044107,-4.908068,1
7.4343233,1.0172523,-6.2631273,1
7.388835,1.275815,-6.976569,1
6.7783403,0.935853,-6.660548,1
5.9930754,0.67010796,-7.050786,1
5.4591913,0.65813756,-8.238259,1
4.9731894,0.8783946,-8.982824,1
3.9126034,0.9334588,-9.215051,1
3.6229174,0.7539015,-9.581349,1
3.218315,0.7227782,-9.322786,1
2.298981,0.837695,-9.306027,1
1.8464963,0.9454293,-10.067351,1
1.5568104,0.80178344,-10.620387,1
1.1737546,0.7299605,-11.341011,1
1.185725,0.97415864,-9.444885,1
1.2503657,0.694049,-9.612472,1
1.1186903,0.54561484,-9.526284,1
1.2982477,0.67489624,-9.959616,1
1.1881192,0.8041775,-10.318731,1
1.4323173,0.6533493,-10.819098,1
2.3061633,0.6413789,-10.44083,1
3.1057923,0.57913226,-9.756118,1
3.4074488,0.62222606,-9.461644,1
3.634888,0.595891,-9.397003,1
4.441699,0.57913226,-8.776931,1
5.1000767,0.75629556,-7.9030857,1
6.443166,0.57434404,-7.235132,1
7.50854,0.39478666,-6.4762025,1
7.793438,0.44745684,-5.5520806,1
8.198041,0.5384326,-4.917644,1
8.722348,0.7826307,-4.27842,1
9.012034,0.74193096,-3.4476676,1
9.160468,0.61504376,-2.4684813,1
9.292143,0.6653198,-1.6281525,1
9.715899,0.56476766,-0.52447295,1
9.823633,0.5336444,0.9215627,1
9.239473,0.49294472,2.0276363,1
9.081463,0.26071715,2.9589407,1
8.760654,0.3373283,4.299636,1
8.454209,0.49055064,5.32431,1
7.9610243,0.4953388,6.0281754,1
7.4798107,0.36366338,6.4926305,1
6.876498,0.25353485,7.155796,1
6.366555,0.26550537,7.6609507,1
5.746483,0.28944635,7.8548727,1
5.0545883,0.49055064,8.465368,1
4.386635,0.5073093,9.078257,1
3.3571727,0.6413789,9.995197,1
2.3995333,0.8185421,10.612874,1
2.277434,0.694049,10.4309225,1
2.4138978,0.23198797,10.165178,1
2.468962,-0.17022063,10.019138,1
2.7730124,-0.09121537,9.810851,1
3.6516469,0.36605752,9.214721,1
4.384241,0.5192798,8.982493,1
5.2963924,0.63898474,9.420613,1
6.198968,0.66053164,8.776601,1
7.046479,0.45463914,7.716015,1
7.7335854,0.105100706,6.844563,1
8.104671,-0.45272428,5.7241244,1
8.272258,-0.73522794,4.7449384,1
8.219587,-0.6370699,4.1440196,1
8.456603,-0.54370004,3.7513871,1
9.024004,-0.47666526,3.4617014,1
9.380725,-0.12233865,3.4617014,1
9.098221,-0.06488028,2.7051663,1
9.162862,-0.29231966,1.5057228,1
9.100616,-0.30189607,0.86889255,1
9.10301,0.19847058,-0.27069852,1
10.256966,0.3828162,-2.1931598,1
10.187536,0.1458004,-3.7373536,1
9.878698,-0.043333396,-5.0205903,1
8.497303,0.062006935,-2.707891,1
7.235613,0.8664241,-3.3902092,1
7.872443,2.3148537,-7.761833,1
6.936351,2.0131974,-7.704375,1
5.4903145,1.1968098,-7.697193,1
4.8008137,1.1944156,-7.931814,1
0.44116038,0.72756636,9.92098,0
0.44116038,0.65813756,9.887462,0
0.48425415,0.8209362,9.968862,0
0.49383053,0.6916549,9.93295,0
0.33582002,0.56476766,9.861127,0
0.3453964,0.6078614,9.753393,0
0.45552495,0.6892608,9.518771,0
0.47467774,0.58152634,9.399066,0
0.5273479,0.22480567,9.272179,0
0.7595755,-0.06009209,9.241056,0
1.2192425,-0.30668426,9.33682,0
2.5766964,0.19128828,9.712693,0
3.7091053,0.8783946,9.638476,0
4.003579,0.5432208,10.174754,0
4.578163,0.5408267,10.308824,0
4.3483295,0.48097426,8.996858,0
4.597316,0.9310647,7.447876,0
5.5717144,1.6828117,6.5405126,0
6.167845,1.836034,6.265191,0
5.62199,1.6277475,6.1095743,0
5.258087,1.2710268,5.582873,0
4.8199673,1.1489277,4.7209973,0
5.152746,1.2446917,4.48877,0
5.9691343,1.522407,4.730574,0
6.4958363,2.0586853,5.1423583,0
7.4103823,2.2119074,4.9675894,0
8.008906,1.6899941,4.1200786,0
7.7982264,0.7132018,2.5687025,0
7.9514484,0.5623735,1.682886,0
8.983305,0.89994144,1.3932002,0
9.720687,0.69644314,0.88086295,0
10.513134,0.57913226,0.40204322,0
10.924919,0.33972234,0.54568917,0
11.044624,0.4378804,0.806646,0
10.833943,0.5097034,-0.069594204,0
11.063777,0.62222606,-1.5491472,0
11.506685,0.89994144,-1.738281,0
11.975928,1.3500321,-1.1876384,0
11.774824,1.6085948,-1.6856109,0
11.303186,1.3979139,-3.0095475,0
10.855491,1.1848392,-4.213779,0
10.252177,0.81614804,-5.228877,0
10.146837,0.6892608,-5.2863355,0
10.343153,0.75629556,-5.20733,0
10.728603,0.73474866,-5.999777,0
10.766909,0.4881565,-6.830529,0
10.197113,0.3325401,-6.7132187,0
9.612953,0.5073093,-7.220767,0
9.608164,0.6365906,-8.403452,0
9.471702,0.15058859,-6.808982,0
9.122162,-0.41202462,-3.5218847,0
8.818112,-1.2571415,-3.4213326,0
8.538003,-1.9155186,-6.7946177,0
8.865994,-1.8556662,-6.564784,0
9.225109,-1.7599022,-4.7309046,0
9.629711,-1.5109159,-4.9703145,0
10.704662,-0.8740857,-5.9375305,0
12.552906,0.23198797,-7.1273975,0
13.790655,0.7299605,-8.769749,0
14.329328,0.6413789,-8.875089,0
14.300598,0.48336828,-7.0124807,0
14.195258,0.8113599,-4.8553977,0
13.948667,1.1680806,-3.5362492,0
13.204102,1.2303271,-3.045459,0
12.301526,1.3404557,-2.7126794,0
12.193791,1.735482,-0.8787997,0
12.07648,2.1065671,1.8097732,0
10.884219,1.5990183,3.725052,0
9.452548,0.44506276,3.1361039,0
8.856418,-0.16303833,0.9478978,0
8.504485,-0.14388555,0.4571075,0
7.405594,-0.14149144,0.93832135,0
5.784789,-0.34020165,1.8504729,0
4.602104,-0.46948296,2.4466035,0
5.1838703,-0.10079177,3.2246857,0
6.1534796,0.77066016,3.6388648,0
6.1439037,1.0292228,4.024315,0
5.138382,0.9310647,4.835914,0
4.757721,1.0531639,4.929284,0
4.4847927,1.1704746,4.6707215,0
3.8862686,1.0459815,5.348251,0
3.146492,0.94303524,6.5165715,0
2.612608,0.9214884,7.6394033,0
2.7179482,0.9885231,8.877153,0
5.52862,2.484835,10.239395,0
3.388296,1.7426642,10.488381,0
1.5855396,0.8185421,9.645658,0
1.3987999,0.9669763,9.499618,0
0.95349747,0.6413789,9.873098,0
0.49143642,0.44027454,9.822822,0
0.9104037,0.7323546,9.53553,0
1.0540496,0.8616358,9.40146,0
0.7212699,0.63180244,9.29612,0
0.33821413,0.258323,9.43019,0
0.45073676,0.27029353,9.77494,0
0.979474169,-2.116623,12.377325,0
0.80506337,1.081893,9.092622,0
0.7667578,1.0268288,9.29612,0
0.82182205,0.52646214,9.731846,0
0.83379257,0.7826307,9.466101,0
0.62311184,0.7203841,9.746211,0
0.4962246,0.5695559,10.311218,0
0.7045112,0.95739985,10.696668,0
0.5201656,0.43309224,10.641604,0
0.7212699,0.6485611,10.237001,0
1.0468674,0.6892608,10.507534,0
1.2527598,0.41393942,10.883408,0
0.9702562,-0.019392401,11.101271,0
1.1929073,-0.13191505,10.596116,0
1.5879337,-0.031362906,10.07899,0
2.1912465,0.009336785,10.06702,0
2.8639882,0.21044107,9.367943,0
3.5654593,0.524068,8.649713,0
4.0155497,0.8113599,7.3880234,0
4.321995,0.95261157,6.3537726,0
4.6332273,1.1034398,5.4464097,0
5.009101,1.4793134,4.2685127,0
5.0928936,1.424249,2.9038765,0
5.4496145,1.0004936,2.338869,0
6.677788,1.2303271,3.9453092,0
6.675393,1.0028877,5.003501,0
5.899706,0.7227782,4.1823254,0
5.195841,0.73474866,2.9038765,0
5.3777924,0.5432208,1.7164034,0
6.610753,0.059612855,2.137765,0
8.195646,0.23677616,4.512711,0
8.605038,0.14340632,4.3140006,0
9.275385,0.4881565,1.3979882,0
12.090845,0.35887516,-0.92189336,0
14.482551,1.0292228,-1.8196805,0
15.86155,1.7115409,-0.8740114,0
14.511279,1.3907317,-1.1876384,0
12.469112,0.54561484,-2.2793474,0
11.437256,-0.06488028,-3.5625842,0
11.250516,-0.31865475,-3.5984957,0
11.30558,-0.26598457,-3.1603758,0
11.288822,-0.17979702,-4.261661,0
11.564143,-0.19894981,-4.9511614,0
11.863405,0.052430555,-4.5393767,0
12.150698,0.069189265,-4.2760253,0
12.093239,0.00454858,-3.9408522,0
11.279245,-0.14388555,-4.189838,0
10.324,-0.57961154,-4.4603715,0
9.842786,-0.66101086,-4.0054927,0
9.445366,-0.69931644,-4.163503,0
9.205956,-0.8429624,-4.4196715,0
9.007246,-0.9578791,-4.1970205,0
8.554761,-1.0847664,-6.6485777,0
8.865994,-1.0225198,-5.9207716,0
9.086251,-0.91717947,-4.065345,0
9.574647,-1.147013,-3.8546643,0
10.644809,-1.0584313,-4.8577914,0
11.49232,-0.5317295,-5.79149,0
12.756404,0.22241156,-5.9207716,0
13.139461,0.65095526,-6.3014336,0
12.938356,0.4306981,-7.165703,0
13.647009,0.44027454,-6.7922235,0
14.9206705,0.95261157,-5.0708666,0
15.61017,1.4912839,-2.8419604,0
15.009252,1.5583186,-1.0056869,0
13.735591,1.2470858,0.07405169,0
12.787528,0.9214884,-0.20605788,0
11.621602,0.6198319,-0.8620409,0
10.917736,0.59349686,-0.28506312,0
10.649597,0.63898474,0.663,0
10.5011635,0.70362544,1.9629956,0
9.878698,0.5216739,2.240711,0
8.573915,0.36605752,1.2974361,0
6.878892,0.1410122,0.6773646,0
5.4903145,0.088342026,0.5049895,0
4.796026,0.17213549,0.56723607,0
4.7553263,0.62222606,1.6613392,0
5.2939987,1.0196465,2.920635,0
5.6291723,1.4481901,2.5926435,0
5.5405903,1.9940448,2.6357372,0
5.145564,2.0850205,3.9812207,0
4.805602,1.907857,5.2548814,0
5.0952883,1.5870478,6.0856333,0
7.8604727,2.7601562,6.097604,0
6.4192247,2.7960677,8.010489,0
3.3475962,0.7467192,9.049528,0
3.2757733,0.63898474,9.391884,0
2.9166584,0.62222606,9.73424,0
2.5359967,0.61743784,9.485254,0
2.057177,0.50012696,9.521165,0
2.0116892,0.58152634,9.892251,0
1.8824079,0.8065717,10.203483,0
1.8848019,0.8736063,9.731846,0
2.0619652,1.2159625,8.76463,0
1.3197947,0.6844726,9.25542,0
0.56325936,0.55040306,9.913798,0
0.5153774,0.43548638,10.035897,0
0.6183237,0.43548638,10.055049,0
0.5824122,0.37084568,10.292065,0
0.52495384,0.37563384,10.232213,0
0.8385807,0.41393942,10.086173,0
0.99180305,0.2942345,9.885068,0
1.1139021,0.29184043,9.688752,0
1.621451,0.028489575,9.432584,0
1.3557061,-0.4287833,8.726325,0
1.5472339,0.3612693,9.217115,0
3.3236551,0.117071226,9.205144,0
3.6995287,0.22480567,9.047134,0
4.6906853,0.282264,7.478999,0
5.0114946,0.63898474,7.0791845,0
4.441699,0.47858012,6.9786325,0
4.5733747,0.46182144,6.583606,0
5.6363544,0.8233304,6.123939,0
6.5916004,1.4529784,4.857461,0
6.893256,1.591836,4.2852716,0
7.276313,1.5583186,3.9500976,0
7.7982264,1.496072,3.8519394,0
7.9346895,1.5415599,3.5646477,0
8.372809,1.7666053,3.3611493,0
8.126218,1.7426642,2.745866,0
7.249977,1.2853913,1.8600494,0
7.340953,0.7467192,0.93832135,0
7.7982264,0.9765526,-1.1158154,0
8.545185,1.0771048,-1.8148923,0
9.557888,1.517619,-0.5579903,0
10.27133,1.4577665,-1.1158154,0
10.647203,1.6109889,-2.293712,0
10.659174,1.3380616,-2.8156254,0
10.8411255,1.4338255,-1.9226267,0
11.037441,1.4098845,-0.70881855,0
11.516261,1.6708412,-0.8907702,0
12.619942,1.8312459,-1.9561441,0
13.663768,1.8934925,-2.3607469,0
13.606309,1.8671575,-2.8706899,0
12.564877,1.2853913,-3.265716,0
11.580902,0.5527972,-3.8642406,0
11.023077,-0.10797406,-4.3143315,0
10.965618,-0.27795509,-6.155393,0
11.343886,0.5192798,-13.019274,0
9.531553,0.35887516,-7.1369734,0
8.698407,0.23198797,-3.4907613,0
9.445366,-0.11755046,-3.773265,0
10.774091,-0.28034917,-5.516169,0
12.052539,0.3109932,-6.998116,0
12.624729,1.1585041,-7.4482064,0
12.691764,2.0634735,-6.5935135,0
12.885686,2.776915,-5.030167,0
13.603915,3.09533,-4.180262,0
14.101889,3.1312416,-3.8067827,0
13.785868,2.8104322,-2.755773,0
12.844986,2.3483713,-1.4414129,0
12.057327,1.8958864,-0.63938975,0
11.401344,1.4505843,0.615118,0
10.87225,1.2351154,2.3316867,0
10.012767,1.1010457,3.8112397,0
8.631372,0.4666096,4.7186036,0
7.9993296,-0.7735335,4.450464,0
8.102277,-1.5923153,5.1256,0
7.7000675,-1.7383553,5.3075514,0
7.599516,-2.1597166,4.9891367,0
8.837265,-2.0041003,3.6604116,0
7.637821,-1.295447,3.6149237,0
5.6531134,-1.1206778,3.8495455,0
4.863061,-0.26837867,3.8543334,0
6.553294,1.3883376,4.306818,0
5.9739227,1.8144872,5.6475134,0
5.8542175,2.3124597,6.3968663,0
4.50634,2.247819,6.851745,0
2.854412,1.6708412,7.98176,0
2.8951116,1.6971763,8.295387,0
2.397139,1.3907317,8.654502,0
1.4754109,0.69644314,9.29612,0
0.7667578,0.49055064,9.454131,0
0.9846208,0.595891,9.578624,0
1.3221887,0.6078614,9.810851,0
1.0660201,0.4378804,9.509195,0
0.9271624,0.354087,9.427795,0
1.231213,0.42590994,9.492436,0
1.4155585,0.50012696,9.885068,0
0.9941972,0.258323,10.421346,0
0.44834268,0.023701385,11.072541,0
0.6111414,0.15058859,10.895378,0
-0.03526528,-1.8436956,11.027053,0
1.1785429,0.98373497,10.222636,0
1.789038,0.77305424,9.20275,0
1.8584669,0.58631456,9.166839,0
2.0428123,-0.002633721,9.217115,0
2.0499947,-0.55567056,9.377519,0
2.3301044,-0.8022627,9.456525,0
2.6916132,-0.7735335,9.147686,0
4.594921,-0.30907837,6.899627,0
6.0241985,0.7108077,6.600365,0
6.3330374,0.6126497,6.214915,0
6.1534796,0.5120975,5.6211786,0
6.0816574,0.5599795,4.4600406,0
6.232485,0.5168857,3.330026,0
6.189391,0.052430555,3.0451283,0
7.0105677,-0.4431479,2.6548903,0
8.432662,-0.6562227,1.9294783,0
8.681648,-0.41681278,1.3141948,0
8.861206,-0.6801637,1.0723909,0
9.701534,-0.20134391,2.4944854,0
10.740573,0.57194996,3.2677796,0
11.501897,0.7012313,2.5423675,0
11.765247,1.177657,1.8696257,0
12.387713,1.419461,1.6302159,0
13.1969185,1.7977285,1.1274551,0
13.242406,2.1688137,1.0963318,0
12.878503,2.0658674,0.59117705,0
12.42602,1.6947823,-0.51489663,0
12.102816,1.3811554,-2.4996045,0
11.671878,1.3643966,-3.2058635,0
11.197846,1.2470858,-2.9544833,0
10.482011,1.1489277,-3.9935222,0
9.629711,0.6653198,-4.6303525,0
8.8229,0.078765616,-5.250424,0
8.619402,0.02130726,-4.625564,0
8.597856,-0.043333396,-3.8139648,0
9.067099,0.02130726,-4.0773153,0
9.656046,0.1410122,-4.6590815,0
10.316818,0.42830408,-4.5393767,0
11.135599,0.9334588,-5.7268496,0
11.695819,1.7689993,-10.151144,0
10.845914,1.7282996,-6.852076,0
10.7357855,1.7450584,-4.0557685,0
12.36856,2.2286663,-5.3150644,0
13.970212,2.7122743,-7.5726995,0
14.540009,2.9109845,-6.94784,0
13.800231,3.0091424,-3.7852354,0
12.842592,3.0785713,-1.9202325,0
12.038176,3.1025121,-1.3552253,0
11.73173,3.1384237,-1.592241,0
11.272063,2.755368,-1.0966626,0
10.23063,2.484835,0.10278088,0
9.454943,2.4082236,1.7738618,0
9.519584,2.1209316,2.3699925,0
9.718293,1.5104368,3.2127151,0
9.2945385,0.86403,4.3570943,0
8.607431,0.62222606,5.659484,0
8.971334,0.26550537,6.5429063,0
8.964152,-0.45990658,6.9570856,0
8.418298,-1.6354091,4.663539,0
7.4415054,-1.9083364,2.8631768,0
8.657707,-0.41202462,2.7817774,0
7.882019,1.6708412,4.148808,0
4.645198,1.4410079,6.044934,0
3.486454,0.595891,5.783977,0
5.0785294,1.3691849,5.7169423,0
5.2389345,2.1113555,6.502207,0
3.4816658,1.6780236,7.4143586,0
2.0619652,0.8329067,7.232407,0
6.076869,2.3435829,7.115096,0
7.0943613,3.169547,8.654502,0
3.146492,1.8336401,9.049528,0
0.5680476,0.9909172,9.071075,0
0.5656535,1.0411934,8.625772,0
2.612608,1.496072,8.594649,0
2.5790906,1.4577665,9.841975,0
0.8673099,0.42830408,10.569781,0
0.11795703,0.46900374,9.813245,0
0.7619696,0.9047297,8.759842,0
1.5831455,1.3165147,8.726325,0
1.1378431,1.0316169,9.444554,0
0.97983253,0.95979404,9.238662,0
-0.7534949,-2.174081,11.690219,0
0.42440167,0.7826307,10.184331,0
2.0595713,1.4769193,8.884335,0
1.7267914,0.64616704,9.765363,0
1.9398661,0.84487724,9.964074,0
1.8895901,0.44027454,10.648786,0
2.0236597,0.13622399,11.584878,0
1.7220032,-0.15346193,11.510661,0
1.8273435,-0.23246719,10.457258,0
3.2254972,0.3253578,8.467762,0
3.5774298,0.8951533,7.3880234,0
4.135255,1.0292228,6.1790037,0
4.5661926,0.75629556,6.478266,0
5.049801,0.9310647,6.3250437,0
5.703389,1.0052818,5.4990797,0
5.7656364,1.105834,4.785638,0
5.8709764,1.1992038,3.8830628,0
6.16545,0.9406413,3.9548857,0
6.692152,0.6365906,3.9453092,0
7.039296,1.0579519,2.9373937,0
7.446294,1.1345631,1.1825194,0